X,f(X)
0.6416766584030617,1.0941050964123165
-0.07684033970519674,-0.14096560621608406
-0.14505356097389743,0.28769117487054796
-0.1016379743818435,-4.7888984244050965
-0.8291825633597693,-7.958362661397549
-0.18337459189215918,-0.5985885925235765
-0.5999830448488669,-0.3628715139722767
-1.1654317335035704,-5.040223136792817
-0.031028697570925873,3.4908949762209085
0.23731164772086588,1.047170754643452
0.43516348812289213,-1.3424809502502604
-1.2377573117811096,-4.683641810608678
-0.1861816445428681,-0.4778351184432671
-1.93736462781153,-3.9941166673740316
1.2774520318648948,3.866981011347434
-0.1957764631453973,-0.5307158612509902
-0.14088196706510941,2.4563689018135597
-0.7858761582110539,-3.4454986730334545
0.377426024051308,-0.7527527567735721
0.4137586484133794,2.541217456029857
0.1823427274870421,2.542836386555103
0.8164540110192858,1.2866546445168092
0.596469164632437,3.168699413702562
-1.0700433305682933,-3.2720072898982924
-0.7767689612363475,-1.4115449775081765
0.33107168261445835,3.5169422360484175
-0.5722638992074314,-4.9370532700886205
-1.7497654730546974,-10.07685816317269
0.4487887875734142,2.940446295154765
-0.2561154143302568,-0.18808759720042922
1.703623988120705,6.619054532280017
-1.022439014153252,-4.148974263347444
-2.267876921091358,-8.107559327446694
2.019086116729861,7.37667037117288
-0.6479921130452116,-5.05380142077303
-0.6418145875587414,0.5786202700155134
-0.0843840216296024,-0.10936402747445403
-1.3563990488613127,-3.1406496512215427
-0.4806321621688906,-3.153626611785241
-1.1264854630318841,-6.02933316048356
1.1710835036186504,4.319181959722198
1.0329180459160618,5.219456078704729
-0.13442562190597213,0.5493688507780398
-0.7430459223148423,-4.96462897392866
0.07567969491410388,3.3042896453112176
-0.7665729756746352,-2.7879935480485187
0.7146958272683516,2.6263214802719426
1.0097935422904265,1.4464693592516067
0.8360216198318237,4.410327714197505
-1.9059055368464786,-7.461260471112563
0.5363444440333102,3.0754402420551314
-0.7316650418582739,-1.949256111630218
-0.6769151658288148,-4.9808911507423534
-1.6024845301638289,-6.017508337257679
-0.18949583082317534,1.5540045557387347
-0.3062063943698761,-2.6485793304425727
-2.1595920504682318,-6.698005930024887
-0.47009316461768835,0.1791031985490006
-0.8154578692172377,-2.6178692421777
0.09451199914284816,2.9721551812990596
-0.9256383920977915,-4.734516741217248
1.2707549044789055,8.395297862206114
-2.1313146599852018,-8.167085641960426
-0.5788258247909884,0.1807179550895519
-0.5586953357167566,-4.22123759881706
0.12355262918532725,0.15128582391737133
-0.6334300503835257,-4.48928900465093
-0.5895820679190702,1.279665582843581
0.49875048880422795,4.327314775343487
0.18393634027606567,1.6984812566573808
-0.6772836861850628,-4.025988194281365
2.257105652325047,7.496828218106732
0.23889598302964352,1.067065051911145
-1.380114296433079,-3.267207488939391
1.2703115446925113,2.9145860651910485
-1.0722422723792842,-7.218455214907586
-0.345025274037323,0.6773682167972317
0.8686502617410066,0.9091246360078769
0.6336131127287113,0.02636581139176153
2.745117964775073,8.888630388934699
0.3025477016355275,-1.1784122167722164
-0.26759192177397656,-1.393226665787527
-1.2324345139149262,-5.566116972707249
0.5476098176306101,3.3944149692482943
0.5422573331869172,1.6561613258043413
0.770818433376395,5.405047862639336
0.01632286834064877,-5.437903462923146
0.6177594707762792,2.440205592247347
0.9710150739398405,3.4302940318802704
-1.0099153635800724,-3.5006802713706184
0.0692509618345264,-1.1329232023722595
1.2720349278692757,8.59642855601183
-1.317627725338646,-6.1300226986815005
0.540432755366913,2.237569352451095
-0.49519737438896855,2.8569994207696174
-0.7448891733298583,-2.591976008062149
0.5364439368681257,5.101059161344141
0.9715535632493052,2.6999207731185066
-2.066453723784956,-8.705200786942477
-0.7091400944632673,-3.940286916057717
0.7563768879274201,2.0002274592416995
-0.9215808226333405,-2.386140305089099
0.12340670941539608,-2.557591251699515
-0.2688763993683175,1.1840006435050003
-0.03485269020051633,-2.926512646599638
1.8356854615940046,5.3715254989641785
-0.22261666691449442,-0.030850938535547212
0.10342901781618742,0.5914950005888381
0.9561499786482655,3.5075426354346457
0.4741248277718854,1.5890985342017854
0.14614254213307512,0.9557356720541266
0.19659506908435523,3.583064651944735
0.10571095020938731,0.12164792867726554
-0.524434980542717,-1.0667216740780963
0.021426850029034692,-0.4193408806951533
-1.3245780959402302,-3.392125354503655
0.7079943796338916,2.473274889995582
0.5382460975045578,4.352747061517589
-0.8770797047105753,-2.0238351923170637
0.006317661817300752,3.333280917222244
0.41080891898717925,1.922943561077493
0.5431731800991407,-0.971703566261573
-1.0372415290485972,-4.850381624795676
0.6689473090641462,1.8649190615481817
-2.2513351691435166,-5.969760054630003
0.9636968648987307,1.6839796110917562
-0.7169675793179096,-7.029671052541377
-0.005736296164647489,1.963020794980821
-1.3120985315266447,-6.178446119224713
2.297885578997527,8.651746938421386
-0.9129893226159165,-0.7804919752935326
0.586065961267128,1.215538932685774
1.3733264119781319,4.430271572306516
1.2113185073849615,6.197476469537201
0.31671759658978915,3.6065156338595257
0.8841718182048186,4.574793489489746
-2.305258151983712,-9.317186187055313
-1.1314983848532563,-5.660045720052299
0.687759695794799,3.9060954670014287
-1.0013467840435817,-8.162951731259323
0.0915712442891479,0.9780064319607811
0.7332010817000086,2.3706450449424548
2.288635291333243,8.702575624536072
-0.5444391616724643,-2.476718956508736
-0.41546602951164513,-2.0164563636851174
1.103931098477063,5.624340718086611
0.4804114112715212,3.0103482311281624
0.010536697447195188,1.5793974147803584
-0.564484658307677,-0.59333363886183
0.32669169909966733,0.7353320843391852
1.490533097267343,1.5062224517578349
-0.8897314812650339,-5.521907381131261
-0.1099953959208559,-1.4410244209984884
0.3164135992879402,-0.8493153805734113
-0.05624642393738156,-0.8868205593079712
1.0687856807518747,4.428054196183969
1.4456183940991385,1.2317466019531134
2.4944056179800698,8.124885903710082
1.6850310129308619,8.420424983762736
-0.33064387147695085,-3.6839749357639273
-0.03850183629652526,-0.8919968126510244
2.0346075615049335,6.456228923670455
0.9877470273404159,5.990127692801556
-1.213691539345214,-5.648592751691648
-1.1322412716856916,-8.487268640675065
0.8237126081224749,3.953829820203447
-0.5693165703158743,0.9091971671270689
-1.0600082591583286,-6.194087460089318
-0.5661823837482267,0.35840940807612975
0.37967322200031345,5.467053910293128
0.6325447969724978,4.508272123425083
-0.6885408976578092,-5.707247560104014
-0.3115251054922687,-2.2541298501966174
-0.5431980084071721,-5.2915039946399
-0.20958795245614859,-4.21327687187455
0.19291719182330652,3.114672254158066
-0.5558744255462802,-1.761480465356333
1.770668260834617,5.102981635890762
0.4729134646484038,1.7017028794457165
2.0747931679465657,11.604879493719183
-0.46273031364217426,-2.5214459976863695
1.3449502719441988,2.3876561799888596
-0.6788102101595077,-2.794389597236822
0.2080936834521666,-2.227819904848439
2.308417411264717,7.542501368134598
-0.3785028025591672,-0.22606364288514924
0.365229811440301,3.3227065328684158
1.299748074755309,5.322845884994151
-2.9733154740508856,-9.778644138732046
0.012866884184724063,1.101227337461675
0.7125389403746353,0.8201678730781121
0.32702615652721884,-1.376947071327334
-2.338273386722357,-7.53679298931285
0.7918792014178204,2.163300554580436
1.0907946273414781,6.4764662444121965
3.465227148479317,11.436020818546949
0.25500144427338167,-1.1877905371544784
0.8478637181249223,0.5384598472978857
-1.28390481061431,-6.485009923677259
0.26393122365044175,1.9911095992224142
1.1631257343736865,6.340110028438522
0.6030536979033265,1.8588829722373361
1.6862402750755072,2.0937885982906392
-0.5856061645692245,-1.5294173984263413
1.560723423781778,7.918049568485841
0.21309224825039347,0.928263787244983
0.9951843831205078,2.4913742753002155
-0.43728724254382445,-3.3039018660543915
-0.8543980754353178,-3.465092331867811
-0.07149411774529733,1.9022639290295889
-0.863695134710848,-4.436735546677673
-0.38910754054643126,-2.543578540234823
-0.7322607097367665,-2.9200648597837677
0.7597959068113311,2.1285548714735185
-0.7563523055944354,-7.0810350734004865
2.7250208073497655,14.164780101659254
1.0312821968019672,3.928341084986287
1.0658262297925543,4.959819656153236
-0.3188074229604005,-6.0004805773630245
-0.21606012000326133,-4.353899799875364
-0.17228886477186073,-1.3422204622384784
-0.8713026470236783,-3.438566087769377
1.276247945989341,2.8446577356074148
-0.13587675227718632,1.6574494307504908
0.26686482080895313,2.371706823827946
1.0759409181533681,3.5153452280832838
0.6355011681954533,1.3561408146567244
0.4358672525149101,2.794164396207199
-1.1362610068273629,-3.353451742236955
-0.46902780374760905,-2.9076788338458615
-0.3130077315757537,-0.6860655245591014
0.6807164316349167,1.165187430131781
0.59519151467352,-0.9204545083716873
-1.0020134142607244,-3.0572707883024908
0.18451869056394285,-0.7135146899013742
1.0925633619786013,2.772947765283758
1.27770675903322,6.941216985313769
0.35643089395408944,2.746644563414552
0.43925107369417943,0.9580651185194212
0.7127480011897636,3.4848506873470897
0.30198299200599726,1.368261451649965
0.3136974470241752,2.420487354949758
2.5743774170572635,8.521272027837632
-0.4322117530530746,-4.001001407736007
-0.16425303413718284,2.171273770445387
0.9404548194318197,5.247367472090613
-0.43232000255589664,-2.59604267436842
-0.35779084437972,-2.2638221197786423
-1.1807980275906318,-5.280885831328253
0.2753934759411781,1.0292703087356094
0.28675094725200034,-2.888504082338609
0.3437170326220349,2.3415774640422056
-2.89224040536514,-8.747365919371413
0.003957593987599105,-1.5610551646624475
1.5873212424728582,5.191523994786955
0.8231244016664833,2.10561489909225
-0.6892179780897532,-1.6525311656457045
1.5183620699261768,6.832187295891897
-0.1504880604676619,0.7764911513034533
0.5245478462345327,1.047569245915752
-0.4694062226879811,0.09976464215674219
0.1429569524514458,-1.0557381179084029
0.8054921061469411,4.82560060161643
-1.2626042854762183,-6.272919519934712
0.5183435151558969,3.2537887198424658
-0.02860552628379647,-1.04237719269542
2.2436594507282206,10.873715348524524
2.124745399513117,5.0317822307262166
1.1197161016785873,7.1121504014413155
-0.9287657608462492,-7.737207800387102
-0.9469760525902353,-2.3259895502549512
0.6889213621579444,0.5932589609863335
0.095139443565453,-0.8996205515639039
-0.9552158838227957,-0.418829447950702
1.9979515177687335,12.749642772073251
0.21506804700839205,6.256223807924146
-1.4737655176136435,-10.009842877576368
0.3596237434172795,0.07219762614914704
0.6044235385892025,1.1646690671729747
0.5499305970570395,2.1364097073440624
-0.6116310759188245,-0.24000785163248595
1.1988239385167685,3.3197223625613566
-1.2768418032135684,-6.2625419465912575
-0.13207671471324264,-0.8614245024187097
2.1562199933480133,8.940828263595051
-0.6938752020747251,-2.25581726984517
-0.5482813446368637,-0.14637845422975926
-0.013688855208146944,-1.4488579591051916
-1.163235822180662,-5.5439037359781755
1.5807860908438993,8.16241006324451
-0.35331772809174306,-2.437063016903347
-0.5362903624231383,-1.246509136331703
1.2485130631114325,7.129620087830145
-0.9436975883785224,-4.94878025376268
-0.711741585516688,-5.755426348686775
-1.2703180389254833,-3.8664472406806185
0.4892337648335795,-1.1966893417011186
0.5454540297228883,-0.1625905923145583
0.5229173631509835,4.181690163851976
0.6950459152988785,-1.3333072034671316
0.004008795533567026,0.059832382901829045
0.14853198602056514,-0.7163811833926079
-0.9400461615447682,-4.8942100842814495
-1.5958813690320397,-7.351131861315498
-0.5283333516589073,0.4274880268927892
0.7771447267055485,2.3650490818176535
-1.3687162010707115,-3.9271928306277637
-0.9035207258064066,-2.371822302276564
0.7045354278052993,3.5457564523165903
1.1667980284973485,3.0841685437151005
-0.9447523971864591,-1.5407042264340176
-0.28824269480756903,-3.167044896176561
-0.7404970062580767,-3.0549736136934946
-0.20939878024355807,0.5218878320181591
-2.752037662677927,-7.483402487206158
0.2702901295410002,0.15633259122004028
-0.9162199391704404,-4.0071669780101855
1.2652993760910154,3.420725947678601
0.049037461548016935,-0.04965275643508088
0.2928325635717791,2.2135634392268706
0.4296764358626096,5.285271023083527
0.6338708137850724,1.6185403841824217
2.4009183113212806,8.951189952184118
0.9529594279919252,2.457464255299037
-0.3317771350528086,-3.084138520222783
-1.0917976649357448,-2.3416532695159593
2.397073067233959,5.017016008790803
0.5648569127221107,2.6579784888365046
2.8857517953922764,10.838327594029288
-0.4208166097429164,-3.736120100689052
0.09207904862564406,-3.3061024844008484
0.061607686265927775,-3.2568781039258927
0.7463122829548583,4.498025896267476
-1.2855738604138573,-6.1235941870148185
-0.24134874955198468,2.961813864123672
0.3752751708285271,3.585750076885505
0.21421904746683115,4.563147555806496
-1.3836221562341127,-3.141660599509689
-1.1168006401508905,-4.77655653567637
0.9689045577333327,3.7658221811407433
0.5596049961465585,1.9564601638425636
-0.6166293716831945,-4.233630978109252
-0.2329845615794952,1.3479101035092933
0.21359010083019977,2.15056448579377
0.8621190134296215,5.038343350260557
-0.3361436284769567,2.5620325419881866
-1.7231933239653434,-7.504714205161196
0.03730765585464991,2.848340786499665
-0.5457976028267867,-2.282843387173668
0.8010132025641555,3.7876095344169367
-0.1251848370827014,1.3772297239135662
-0.5091252178684762,-1.0348095909167951
1.7668617516726024,6.401549504385956
-0.642481126749871,-1.5156773122191143
-0.59892262579212,1.1288915013067613
0.968886848221698,5.353829117616212
-0.07954058693411101,2.995752988427624
0.39058426076124503,-0.5626242321446289
0.5070475019762871,-0.327597782610195
0.2854489945462638,4.777170438832799
0.3379535699933314,-2.577377408046174
-0.05864391264016893,-1.9900394343289707
-0.6735645547992268,-3.2114335919542527
1.2650377385436393,1.3492698100805618
1.11694972800202,-0.682512408603305
-0.9032612795228153,-6.286424443432655
1.2619572530223984,2.2572845779773663
-0.4307541449118705,-0.9118705393398763
-0.1293144508869995,1.2495992499982929
-0.3967249498631411,-2.0748374415699073
-0.8522489506584864,-2.222009603729701
0.11342576959257727,-2.253236654738289
0.4202392504617797,0.8578635479181342
-0.35432027228237667,0.4888128454620986
-1.6645104329617095,-7.092602173473521
-0.38465598282466923,-2.664834305384415
0.6855820937261274,3.1642306213604887
1.3583611934492914,6.530150774726064
0.5515228283280346,1.6555661643334938
-0.3198310471180883,1.3155011213600767
-0.12620118371357705,-0.22356087067196634
0.6791380636681086,-0.5889494959534152
-0.059698139612798386,1.2608579956896537
2.5492856987737014,12.05969394878808
-0.22085148462505744,-3.6879133904841623
1.1810021618172988,8.900541826944625
1.3521367585609907,5.608559674104315
-0.41149095236240474,-0.9597035280618973
0.20604165648494577,0.6563078103354809
-1.1106346720321985,-7.012301269309027
-0.39939137701024663,1.249651941515491
-0.5497461935354897,-3.7143424387455806
0.4293192866086668,-1.9322563701931903
0.1503781049950916,1.5369813032981008
0.055686488142052015,2.3466197224588496
0.9613836526151365,6.860234537183297
-0.44615385943239716,-1.1084785278947287
-0.38621990548929036,0.4073159803191515
-0.3284080793917298,-0.9216249886740833
-0.7014811472600427,-4.7587472000265425
0.8459134704189475,2.0096186222976495
0.12495397935004156,0.6422930494492145
-2.281305792694086,-8.36092058363295
0.05971477069293665,4.572087649571975
-1.3069923390808191,-5.965705907683709
-1.2399203282859266,-2.5142227574279197
0.9270035239969678,0.8857249613624916
0.32928250529485964,2.2422789241046543
1.7551741656764832,7.349242274782015
-0.934163742863351,-1.5924067150364678
-0.365800592740796,1.4345379995145162
-0.5384799446573829,-3.1120513784341197
-0.3823403780460225,-0.3423575452586807
0.8865990603268918,-0.10541507457508059
1.5593148568891022,6.921182830806666
-0.08405908275243704,0.49598010316322955
-1.0778260770671824,-3.7402994134683447
-1.1880175973177194,-4.464168214354818
-1.1477415998765863,-2.3384269502180457
0.22357751470350606,1.5888704414562556
-0.8707192095484595,-3.956182989396816
0.563949339433897,6.812103748584238
-1.0938410824485512,-1.3817313787965593
0.1406950564673274,-6.93344142117471
-0.1679131727874871,-0.7605360201693089
-0.31134706056867467,-3.113370106101025
0.13042091725382485,1.5871383638785936
2.8097011435732293,10.25469968807324
0.6790203045104227,3.6050660132212484
-0.8782681675417305,-2.0962605090118176
1.2277054932407083,1.7090179836462598
0.44682624679647864,2.7315936344876675
1.059455516811933,1.8113094570036572
0.4282328705967407,0.013509767748936197
-1.6847064151587414,-3.162592740622904
1.5405555309799355,4.881715742065352
-0.1516899652786653,0.9660885630580576
0.5515401814060694,1.4824551224007707
0.20588204620130146,1.2124479372355543
-0.37219899010144253,-3.589761106268634
0.4003349452088214,1.255939315515327
-0.6652888855585158,-1.224429957588808
-0.11515634319648775,-1.3923835249508307
0.719991138685963,3.8232956995157705
-1.3270484988969211,-3.3450223855954992
-0.6849217352472302,-7.303326739790973
-0.25203469271235573,1.6923935613320886
-0.40544947525878355,0.7483934295141794
-0.24481231922778438,0.7722237708664388
-0.2728913561712938,0.11001853675363782
-1.93022327109422,-7.290878399202323
0.38265856161425904,4.262637728474088
0.02359749586524577,1.3348893360809941
0.07530237581078959,-0.5929625638069544
-1.185983564929173,-2.995267801894508
-1.0622293344492408,-3.2295250732808305
-0.98331009912963,-5.325725095953079
0.9114744851303214,4.597768107069775
-0.028677866459869465,1.2057815821639917
1.5038046653372112,6.7918672713269395
0.8515169424047723,0.6259593307372331
-1.5795988238989795,-6.912344354468652
-0.4090657931046078,-3.1154945095703392
1.0937481979752155,9.944223200615674
-0.8739999199474732,-2.605545084686417
0.6877174913431068,1.9933485035697749
0.33687080618689497,-1.1483170918951322
0.7355141369648618,0.2464380251596996
-1.1004879462237114,-8.071490917541576
0.66839521890313,4.748044585404526
-2.185153803257982,-5.903703869594168
-1.9728640480783795,-6.106172702514851
1.6635363107373078,7.073121197254983
1.2401898182121198,4.685385959007667
1.4671555504106528,0.5931829922054606
0.13242780114877378,2.0938826436131572
-1.0583794427218747,-2.2909871007596476
0.7158372997438407,2.9190103603187585
-0.5852677365383244,-0.3213988842960678
0.6062782036825521,0.8696840779066972
0.5900261263151266,3.834616332776874
-0.365461992676627,2.7595757613254577
1.3487878682901,7.784497301340443
0.7957538616832794,4.743598918810246
0.2859729425182367,-0.7318175771384197
-0.2780337171101295,-0.7493316299959624
1.392872207641418,6.1826381349927715
-1.6014139415281856,-8.233631328004863
1.4771353822876396,6.683068958917741
-0.24574077501449448,1.0712086537287502
0.7427861661062981,3.2959887285142244
0.8760511854123076,2.8590592100001775
0.7837860781804775,6.436015772327922
-1.6282177718096182,-8.063560038050792
-0.023980761898605114,-2.698852585660017
1.245927327198678,4.667465524749102
-1.5345185879811143,-4.007747624705784
1.0778035873134737,3.0088138053184075
0.07971000908831376,0.2015809732473111
0.7000452723146847,6.838324987410752
-0.28559377932836866,-4.433462711804964
-2.2704132021611114,-7.981840170934595
0.12369973790391253,2.160807172820375
-0.9152704846639929,-0.9062005134021285
1.3283330921381156,5.817192726450717
-2.1418516144035475,-7.180484362808912
-1.9836209428041778,-7.8213274390470415
-0.809273033397095,-3.2649418567547803
0.9592831641658773,1.7430003740797084
-0.7695159796932176,-5.079681518625793
-0.2749398078895973,1.2865302879843858
-0.6514435841992149,-2.0699568045593466
-1.998282087632246,-4.796928779933964
-0.24751855177125084,-1.9324324925691683
0.08864979057352633,-1.2089745122911646
0.5861653271698655,-1.6414766595233998
0.4077065249765084,-0.4776000075639797
1.7165027742351253,6.510162082294323
0.07902571896854252,0.2609611967875116
1.5477291028255866,5.965587370166786
0.6443593624326104,2.6666320966543298
-1.7046512057609624,-3.611756379287917
0.38378884838187516,-0.3228756387127767
-0.9453346120985947,-6.1208978081746945
1.3874400614164746,9.105821608093617
-1.5288911390500588,-5.972738986325917
-0.7032369510661453,-2.0020003307205534
0.7548220931778789,0.9948816176029187
-0.010906592167949567,0.0005407585951589661
-0.2980589001770356,-1.669861033656543
-0.22013056376799153,-2.230625028446132
-0.07961124591739943,-4.441402148461438
0.49964503885837985,1.0641142726575419
-0.3597035854371358,-3.092773940472596
-1.6135785028221759,-4.093459467798093
-1.1616019467282765,-4.996711557136644
-0.3913427396826717,-1.0441492253752407
-0.7275212508545039,-0.7997101946662344
0.527387687628702,2.363616805141478
1.49961056170431,3.3383675192669764
0.2543420370586476,0.2775756327587562
-0.4248872082482339,-3.4463377580809915
-0.012045236853271031,1.0669026172608234
0.6323801688030679,3.178932618001946
-2.197691926666584,-6.447020571754948
1.7893962060023398,6.909235225732498
0.7796263036636958,1.7611870663955795
1.5416051745134067,8.733687196250425
-0.823087860995007,-3.314104157834654
-0.1551428089500599,-1.1870104725907977
0.44210387411914803,5.189035554806033
0.8945977057600133,1.4933051887113467
-0.8511320881692872,-3.5226088861223177
0.35280658284312694,0.20224009462713832
-0.8831810933826825,-2.089213281223368
1.5957629012804186,6.724009194713142
-1.4297626622362145,-3.061953567317477
0.7587214440890531,1.8099632359823081
1.183412573203491,5.763007674255924
0.7912949804001552,3.9725470404176395
-0.23156601234163043,0.6843110753249788
0.19795807338872481,5.048898391910223
-0.40508326392063543,-1.165109667930744
1.385783766454507,5.4342961771775355
0.7362052133238238,3.2563676012886797
-0.24659729953406678,-0.9809721208023496
-0.790472710889662,-6.2009825552675695
-0.24957125769621874,-0.04728049714878113
0.007314563228903049,1.8231285900816685
-0.2628130337984583,-1.764787187571011
-0.1624128633612627,-0.4837026165438306
1.5861709384232352,0.97528156132093
-0.4559683500449692,-1.6608842350167718
0.07371157701560777,-0.32093754928101675
0.8621689184981023,0.5371275763695822
0.08649405653783686,-3.136332072350594
0.3506928143980163,3.827635713203188
0.13438281144361666,-0.971626323037652
-1.1577200461261594,-2.9515400909883747
-0.787901129200937,-2.2408771290281635
-1.1375423986557498,-3.25419061163231
0.6595634650916563,1.4991790773232188
0.9195436457578192,2.4132228018141695
-0.44558826380657596,-0.4490879471275815
-0.2279594058376745,1.6000496875802002
1.0303924263130786,0.6496894748736279
-0.12518243894874598,0.919632980761764
0.49790841207097386,1.6428651198415016
-0.24814981566368804,0.8511386770938659
0.01863894948806016,0.583230087952876
1.0094897718684082,6.228693295180416
-0.6863958655184795,-0.806016700317183
-0.697530591149039,-1.2702475458162321
1.6033719963489919,6.9074381960283056
1.8847060544535634,6.572955187520185
0.9490047765052598,4.098209683303777
-0.9194491847633625,-3.8385231377138953
0.9282123550423084,1.458364573875461
-0.9762315218209106,-4.202721925569026
-0.1788939995187421,-1.8141578343355043
-1.7077448427289017,-9.45104177540966
-0.20429550994058496,0.07884963789122312
0.23171425886031422,0.32665896907680125
0.40492907257520244,1.3191117591188617
-0.602759369823714,-4.225452803327381
0.4223802204219781,-0.020145337449129164
0.6278876784461687,2.6063493601178447
-1.5164304957203023,-5.9981356471283
-0.24801134827199994,0.9046945309006109
-0.33908543327636353,3.7220142539240286
-0.016345402757487165,3.118846483737484
-0.8859252495127169,-4.602194384033813
-0.5369047713298828,-3.7125202499072847
2.7090019473659184,11.100685996327556
1.2116386663488123,4.115771825120916
-0.32107571525219936,-2.131722753303393
-0.06340532135397717,-3.9241953595987527
-1.1417786944082575,-5.939781987096905
1.1754220486327704,3.0320097590384463
-0.25204009950055384,-2.4113590001643455
-0.006598203487616498,0.9530446414804293
-0.17778292517384178,-0.13037768529115978
0.11653331605849324,-0.5210959568876932
-1.1366727112923867,-4.36711668426656
1.114733892631557,3.397150742337379
0.2092762944699149,0.8068199322258788
0.6364125215344348,5.646206086434281
-2.023763530020729,-8.404047112484044
0.034288605346101064,2.8268637943655004
0.5398998770150264,2.6785545885793582
-1.365343241823016,-4.801391742836769
0.8255591814670258,3.0502177652365337
-0.10777619396316224,0.2199689818249051
-0.08289852500467178,-1.0812885655467182
0.29032122469609184,0.8266191798468505
-1.4130407277334363,-6.177100337319272
0.11760845626656423,1.5612147492349508
0.5391724452767099,1.5063423453333358
-1.3227165003614927,-4.948376953962637
-1.0122112207459872,-5.609172062603747
-0.606184110109761,-2.750106854322133
0.30430567959512733,0.5016838088072963
-0.24423451883692596,-6.439504052434167
-0.06307879670506915,3.4769194469876186
-0.10473605798933078,-1.3019882629686057
0.08822993442548502,0.7825772877918364
-0.0751525704189141,0.014444207859630465
-0.2605126207976518,-2.0056554056932634
1.443087583454784,10.580518207442903
0.9637445310773097,0.8516128265224983
0.702184505359777,3.5157368654377916
0.5677535540962639,3.921596336233099
1.0604911834109119,4.045777519203596
0.7441495680026682,0.6245465494820452
0.46313191383624364,0.8007078896598718
-0.24320231504242704,-2.366308082521791
-0.9657156624472774,-3.7818289761748547
0.7904280904722739,2.63200785376809
0.3312851879047735,1.8711481423494265
-0.23658235285975457,2.1273859581006804
-0.04328498355773543,-1.6077828241713379
-2.008942616762241,-7.0301685456146625
-0.18580560212243427,-2.2632402252666095
0.5416161166668478,0.12599802334739074
0.27653105409089324,4.49333862849859
0.6343790937890923,3.9023108562163054
-0.2885403301648238,-0.35243341079704416
2.4540699865725952,9.889847124500108
1.7812245781622742,8.030259017479068
-0.8347002345785401,-1.648158220399133
0.8263678474871072,0.6157342536865054
0.2022550669003972,1.2002643360302918
-0.1685525212259554,-2.8748365593915293
-1.6450597503739999,-3.4455333757361535
-1.1163298319323551,-3.580391360506695
-0.2108673539727271,2.5644925148409934
0.31736797594106797,1.2732856899811045
-1.0660552581621128,-0.10004252218404641
1.6525856413988107,9.960653502415916
0.009430420454783334,3.9011636590608303
-0.008898663292110321,2.144209124901894
1.668179441254334,3.8672456931985297
-0.1378586963310319,2.634839418237658
-0.33937719999794,2.8469766675244603
-1.429066898448291,-1.0970023154028006
-0.5857366554551754,-1.8210235791267007
-1.3713232471471188,-5.4520970826411865
0.23351936921649144,-2.3439638344513196
1.0173191686261756,6.35062510085443
1.3681052191345213,5.131105292679985
0.16933309281863,0.7156795469763743
3.075573893432424,12.508188964092295
0.1088634678336795,2.5278891065588294
-0.7274708346047783,-3.6088400572984396
0.3899429971033616,6.182802530647963
-0.402495596969506,-3.712022064960385
-0.9325834567618385,-5.488094813324337
0.4796962084572591,1.1174916698843753
-0.4022899215971822,-2.0875439154057602
-0.07844206283832174,-0.8291913402452227
1.249469742726979,2.6967775180841356
0.5769340599430341,1.0519772082147263
1.9753281712575461,9.192135775866053
0.12771181052702799,0.950302736130737
-1.4474361123195851,-4.031778043785236
-0.6933878511104847,-3.3413798826412906
1.098875986566869,6.761881375531446
0.5450784715193229,-1.9496478619187914
1.4480014208760492,3.3199381999116264
-0.9272485993677742,-4.116286177815084
-0.43813562270441736,0.8693939069780812
-0.5024439301629023,-0.01956875829758098
-0.49104596911569837,-0.9565535308566774
0.10659762229930982,1.4026819671004178
-0.1640254026760564,-0.950712172989689
0.5824042646735971,2.7477799638599025
0.3214442712943701,1.3393733789508349
0.8983820725024066,5.5549742256186665
-0.33733841113672913,-2.5728010615181276
0.4504456177691022,3.619355960499261
0.5920232693603779,4.126219720887333
0.10887198989791452,-3.634163774927961
0.9761767931804848,6.202808267509701
0.5624562546330725,2.1091016493919903
0.6296948056302356,3.9767940227775846
-0.37829745272534815,0.18733285633676
-1.751877375915603,-7.004698841120631
0.6819648840132921,1.3300737732069465
-1.0418743710911664,-5.14309418218925
-1.1409669611458368,-2.8363165725069415
-0.3925687758796,-0.1396432574182791
0.32128693891873533,2.6794670235083435
-0.17689686434453186,1.741814803270127
-0.2586895904715146,1.9386086722940665
-0.8847286012386693,-1.8154818977680949
0.9791413360462421,4.685316848521627
-1.1963099714035128,-4.286420881633698
0.7369951690182122,2.3864536860760666
1.3281321131436516,7.2576847095786725
-0.19206908223922012,-2.3991585975750516
1.5562083709832442,10.018392652458814
-1.1045230926622938,-5.136613632440033
1.2395346950463286,3.3397063309786827
0.7656954261085819,4.71271162339065
-1.4794523507233939,-1.5755505012070121
0.6901214702247076,2.158742630130172
-0.6561683914188803,-4.041862745204793
0.2484946248806814,1.94064961780702
-0.8451664655381013,-2.324593351451067
-0.23871286931467955,1.7715919993972644
2.2751079842809023,7.837161078584668
0.6868900661384048,2.928497044054422
0.9727972485358709,4.91484850847747
0.170770931967963,-1.1796898935348519
-0.5695736471796179,-3.6069548682339017
-0.12917328933680922,0.15330996088484466
1.3547691398570894,6.483344348462264
-0.2667781642372559,-2.734334250094801
-0.9442706004373587,-2.0031726296700847
-1.645607964622266,-6.398853618330963
-0.7640402478085184,-2.1718442168065457
0.5417126512741955,2.7523279509721084
-1.0470853844510801,-1.1578729146368456
-0.46898715506363886,-0.8387548485458355
0.6232216740312264,-2.5496660010932883
1.943262263433996,8.851918066671681
0.3272453529764515,0.4135812233566727
0.8826732417762103,0.3537830717991026
-0.029767490708398948,1.1551521812084256
-0.6248721853412322,-3.214668453175135
-0.7044557030990274,-5.677979154511636
-0.8110222905403106,0.09203044314612141
0.9050654404010442,3.0044772220706446
1.8765734269621657,8.335751451356424
1.3048378295965286,6.8267692464159975
-0.5366404268123247,-3.6377145140882767
-0.3182853136155345,2.1190809378311375
0.7580424981657605,4.819825457656188
0.5942014265411584,-1.2470524917683026
-1.4363920287788075,-8.020567012395574
-0.3704887551777182,-2.581627310919198
-0.1366293792823912,1.7699102287528767
-0.24321111498677203,-5.94267788681209
-2.6545414330136725,-9.342255240448017
1.3432368831212602,6.780960808163541
0.40944806598520256,0.34250389956005933
-1.8994347398217741,-4.0847076077760605
-0.09527290234272089,-0.23391396401619208
-2.1179586882142183,-9.130623758435341
-0.5383113936858084,-0.09409733257643249
-1.4228495469631228,-8.146340013324558
0.16979751913292426,-0.5799038175921123
-0.17345609362160444,-3.501269170464482
1.1974173477959238,2.6944111627949834
3.1733905239619795,9.235645835436543
-0.07780687825586112,-0.7257995684787446
0.547052797574943,1.7415179748602345
1.5761667243192063,9.493098140281704
0.24930998597507595,2.0270695677498116
1.275597323305137,0.5173425937594347
-0.43238636618530835,-0.08981317363199515
-1.7390992728519505,-5.038070316511144
0.7256572920466966,3.1073917783386644
-0.8347039847535137,-3.816672538555939
1.9197425585151304,9.438867712591446
-0.8105601159173703,-4.956523791519774
-0.4951739548431622,-0.4865241332043544
2.929660893432376,8.887979214366407
0.830819563694863,1.9349284385845908
-0.5899674340661235,-2.8453667427548948
-0.1820208348243829,1.135246106074514
-1.44904592785806,-4.666583439146645
-1.8811146489414055,-4.349340222547988
0.21453403707113433,-1.0840105273983942
1.5190033138842483,5.615547278577227
-1.7077148903852681,-8.90416169466719
-0.4661721263852442,2.534957225058836
1.479116981117545,4.555453031956511
-0.5144298913687853,-0.3431353680254243
-0.922849593193101,-2.651210228868366
-1.91867051463498,-6.757573334173992
0.7389509974901849,-0.28927880175985177
3.334203517597432,12.362104501299372
-0.018212347104613166,-0.2866411565783098
0.28768107786745795,0.385666198708809
-0.4881110169164618,3.1551379993578395
-1.4977203810831696,-4.542984068209494
1.8771428706377922,5.075257949359669
-0.7735959733304064,-2.6748134510943324
-0.23575096986827987,-0.7831981257263343
-1.3867146526153864,-5.779647152141746
1.455421460737774,6.405967919239376
-0.43812091634884287,-1.7893662334840394
-1.2970277152025405,-4.876541921962717
0.46034921066168377,3.6032776051202404
-0.7230597875372071,-3.7687350761997944
-1.1769248912579864,-1.7166023556090648
-1.094042931032235,-6.637019274835252
-0.50356048600791,-2.6251231232949723
-0.5560681594651091,-4.133682268272951
0.013548548628612411,-1.7057378874091276
0.9371915337062796,4.610177764452643
-0.696350741910387,-0.3442295225464833
-0.2281547965833843,-1.4602186813723077
1.9902736497540905,6.333968289776252
0.9813207869512316,6.019194491514524
0.10714253527293145,1.7204623490018631
0.022725782621203446,2.526530144641818
0.5812629099886915,4.682378121216846
-0.4093739891492758,0.7830925223328289
-0.05535106725613376,-0.09764568441572467
0.06812570823584903,-2.3653541536359564
-0.4559469274680022,-0.5115537360194189
1.153035802563644,-0.12271118666299152
0.07355255089438108,2.553255527837554
-1.5451347924726995,-4.74383564306669
-0.18726676450257188,2.560057329406806
-1.0466273798176675,-6.004897060076292
1.6282076357873105,8.019628709209979
-0.4370644156515733,-4.051792342933235
-0.1977972902611956,0.10910088683410235
-0.16935301763051838,0.7201945971647706
-0.3664962494470602,-4.662014889225277
1.3508013650170736,6.529432063194031
-0.8279323643658708,-2.9231785329528477
-0.47729389928282157,-1.2770005231472967
-1.1327291781835451,-7.489612989432388
-2.050905763049373,-3.1496556168755374
-0.9328609421342365,-3.7053839726508233
-1.0413287186178035,-4.924287881250296
-1.3283248730961463,-8.889330133901652
2.0333233170635046,8.72204799642546
0.7529184295240164,2.693742445960593
-1.193885976791938,-3.0138506311541327
-0.6702242261982462,-2.003638142462235
0.9425068791712249,5.520669075746868
-1.2172541306410147,-5.032866986413457
-1.0696662666401626,-5.265204165927941
1.0249635446624175,3.3553460115147273
-0.7855214383236936,-2.5766167552828536
-0.8424357382512976,-3.9055937211399883
2.1324867288289617,7.876561255639666
1.3016102245353771,6.554127968932506
0.2375037940405147,0.5331317856178184
-1.548077411041423,-4.28517823574477
0.9270532988002531,2.8227781677740924
-1.0164811121806232,-1.825527353974265
-1.890064241013992,-7.301298002865043
-0.5256451948154732,-2.153834509934897
0.373804500701193,1.8454732777449079
-1.0717355675879099,-7.137734261006195
0.9527052435093047,2.2213804354641296
0.17584571165005292,-0.06108331044972648
0.021137383803465484,-0.5455250052185906
-0.8750993854125558,-4.569819521704085
1.1284147518659724,0.46382428493925154
-0.6782509079000207,-1.4866894527761083
-0.26229033898779025,-0.7726607796872954
-0.5507144119145928,-2.1443907410181824
-1.0909759530149077,-5.324485556543931
-2.5289475108846857,-5.3617684068690625
-1.415042920852526,-7.223123579649258
0.4878147649765918,0.5019775047443269
-1.153885792720572,-5.46053673558173
0.7530621876919789,4.5020588352625674
1.0110108162654712,5.170466776310928
-0.532841258887561,-1.3248021455689527
-1.1632958763488586,-5.449126175698531
1.14745743851399,2.322080447775225
-0.694949123737318,-2.0972858936813825
-1.271023040846661,-7.734864564152488
0.046327557310846944,1.0981068528218545
-0.46484257027188,-3.9787780861243585
-0.7077880082031884,0.4838328399704781
-1.199439969467994,-5.533018146856381
-0.32623805920230253,-2.9434702517092592
-0.8617991799058063,-5.237929026487263
-0.012035767922212968,3.5648703660260597
0.47709229741768444,1.3570695237401849
-0.6631329812615014,-2.4786258359557354
0.8308526010187456,1.231812055740926
-0.03766667059723912,0.5009164999430515
0.40271751266444333,0.7528428331958814
0.5963143554325262,5.00772145146429
0.8876717808262652,5.754232127875713
-0.1090739625676252,-2.537037614930584
1.1705269829481435,4.646425688186491
1.0932651544462924,3.8824626557428394
0.14688445026802582,-0.696934564077718
-1.8155995691953226,-5.50711446965005
0.16824138572933983,0.933502641689447
-0.1089062616381093,3.3816280088279553
0.7315635547473112,0.5807060477599579
0.7085263301324782,2.4117140877076344
0.11182257854217889,1.0068492476530755
1.8392396126142838,5.264040296778315
-1.4526406739111428,-4.0352210491414855
0.6830976831702715,3.591335862668437
1.544249561568332,2.1281850785941745
1.3546263068343696,5.292714265634695
0.7464021537026985,5.369472058780216
2.2986539407136757,7.279217278259589
0.17912390469970796,-1.1775154963124626
-0.6268539047283007,-1.9765965969540915
-2.533714900686942,-9.687652129468933
-0.4533996984310992,-2.889659145884063
0.01003713940839754,-0.45486717215972744
-0.7372621615773305,-6.1515390588292576
-0.16520955264073184,-1.2304042765533505
-1.5479925634100813,-6.935759874164651
-1.6422409059255298,-5.1912493169584675
-1.1228714088538807,-4.866540292412537
-0.5779462669917929,-1.5031401891621985
0.8819141124077602,2.1571751593059716
1.617741961423047,4.689233577941595
0.017600206923097966,1.2723570556419772
-0.10746411474278562,2.260093136632829
1.2165805903649096,4.2844057943373866
-1.1173468591748723,-2.2145648201435297
-1.190784254860191,-2.869145561529315
0.1763704781550424,1.2621897814939358
0.06886762106070753,2.2709144924002835
-0.20268282272443056,-2.1576478720679564
-0.7959490828613497,-4.850472194803144
2.135839579661295,7.056801703083155
0.9291001132966914,3.9543736251103767
-0.6080810819389247,-3.0193788734516476
-1.1332472710708152,-2.4255150970698596
-0.5108631934878929,-1.6700749049609844
0.7411405179848544,6.044717225542351
-3.209955381978046,-12.277606683435351
-0.9342158375564429,-0.3458450082668749
-1.0614676369216434,-3.6811825211081604
1.6359138753477174,9.007973890366914
0.672720805709661,3.8778184411017147
0.5422009876544758,-0.6165461211584171
-0.180323324487924,-1.8005796385752917
-0.7210278452213854,-6.139973822742972
-0.7126300388983264,-2.337262580629298
-0.2295177532399562,-2.8102814367673625
-1.0280706824933712,-3.9263609423433903
1.6204683987456092,4.275251315080853
-0.8428196875999223,-3.331541643933184
0.9015922583874204,5.065934875074359
0.48905360189011937,2.447199935115119
1.9715212116479575,4.655982939268295
0.25069797962239826,-0.8266605329077279
-0.7379887070817857,-0.07193747244723614
1.1092738552242762,6.494381161638202
-0.601702497867707,1.4274387997250244
0.1881369570559398,-4.931971408840848
0.7916568619310699,1.5330749535793475
-0.32230874972038603,-0.8719877869186003
-0.20458977846842988,-0.641811042178143
0.20181386383006028,4.73910898917025
1.1896222680291255,4.779448295678031
0.6986307702990094,3.827384777928142
0.013153036557870796,-2.045815201719931
1.1311811909202247,4.313086284448261
1.2537261342634507,4.0759311040784425
1.8319360818255361,12.100223713918037
-0.661937714925914,-1.0745861498646485
-0.09180805144899466,1.0567046640968523
-0.7368148416525208,-1.2620721294976005
0.22239080944544862,1.8822116452468722
-0.3022844248616988,-1.7355215726553443
0.14386099595965895,2.79792542592908
0.8451070985370979,6.432493249106398
-0.44340798605665754,-2.678204981526971
-0.13261465381720608,2.3414511457681946
0.5219979705833208,3.6564051692238686
0.7504533303268411,5.498960367906951
0.022213928039390988,-2.7028425565941054
1.4878944321336367,4.3118367757421225
0.6701565503321437,6.430990292160407
-0.22007309599774338,2.235755532221154
-0.5277830403219427,-3.012668150847723
-0.22290652406605962,-0.48910843432690215
1.1167682468088798,4.970213946786941
-0.49581833514279516,-3.265583106746864
-2.065460023750255,-3.5443923415204814
-0.8404959717607442,-4.138677263400597
0.6397705674189378,2.125745467484717
0.6531758521433048,1.578965074821348
0.18479275551351085,1.0011391628289714
0.08645024003597679,2.4804959606186125
0.087257980752205,1.0176081483373984
-0.958168335581346,-3.483548305669771
-0.5270034201986623,-2.1529718840364183
-0.41089883250021403,0.803908930870975
1.3912563489889982,8.353135616917843
1.1907316086258812,5.8009500818839115
-0.23693404546697278,1.9019011498391152
-1.0832724606105695,-1.0513240240967696
2.6256144457846546,5.967492864458038
0.5805733357942744,3.5091426453211385
1.2830307747086311,4.710137401598632
-0.12336287720355432,0.3723434083575766
-1.7976375781681988,-5.555481850757496
2.5707645107660437,9.65781686348022
-1.7059520057381703,-4.110777584871794
-0.3743028837477471,-1.9080910406365095
0.9493608646609868,4.1981106951074985
0.6876259510533493,3.0874066446260664
-1.003380717730042,-5.749012815701706
-0.2724518087709634,-1.06247790470484
0.3074302518646544,-0.482795014708298
1.6189816606752596,5.967529507125932
0.132962280436304,0.8304786865403491
-0.11846930012185257,1.8978197958632461
-1.8460295965152045,-6.8420401102314985
0.41535786515366985,3.056892226630456
1.5175361283542563,7.23202723402788
-0.8757308415987771,-4.264431863318576
-1.1329343313282814,-5.168932121127011
-1.379225616134922,-4.925262842021273
0.055893360103507414,-4.7733967221361375
-1.328483968518206,-3.876340491967275
0.9362535725466031,2.033184076509441
1.1604663708722944,8.210044742407922
0.6299876168291397,-0.9521685773507271
-0.646962111575448,0.7499797660072112
0.5558064722220939,0.7427093679419738
-0.15484845483449294,-1.0729927266175578
-0.3641863572992026,-2.4464111735916294
-0.32108899071015246,-3.1305070763911194
0.22430285295477725,1.0690938287128042
0.05633894424120396,0.10695750075883392
-0.786824522255031,-2.6367209100724436
1.1535198870555938,2.5899119725663837
-0.3592844573981156,0.08414697745631439
-0.9611185195569437,-7.6038889773291505
-0.37667434221349183,-0.7506589228854391
-1.790003919076157,-6.48055842963887
2.0467139684821385,5.825383910427449
-0.32967599007509585,-0.26663396511779125
-0.3676598535224105,-1.7101089991018148
0.07455981071053643,1.0700907676926201
0.6841194893268114,2.633093204734635
-0.04489492214522473,-1.533887946508901
1.0033975572213907,4.754795010630947
0.27650295204355396,0.4217692627325115
0.7734409975442094,3.8341037666498865
-0.3339099307005731,4.557637503793331
-0.05454962931514019,1.3746207707847522
1.0101338828657191,4.421905703376288
-0.8570825503940438,0.8993498814721756
0.11353638062792963,-1.4049222280830604
0.9127282586749043,4.368675658436843
0.9911844589581342,3.8486617402947294
-0.8106258122291109,-5.619241632455296
0.6523101983645719,2.9639488511580843
1.0901528926431487,3.822800027758106
2.182275910834502,7.337018050668199
-0.09891912036094928,-2.088824728209289
-0.5627558800719191,-1.6930970225158488
-0.008457486200020091,-2.240144339845978
-0.7935082792305357,-5.055588496215057
-0.9895111468738925,-2.8930886682216337
-0.17704463664703687,-0.5521893332396293
2.2812721074024944,8.580527043464627
-1.2225052973966217,-2.701320656290361
0.5167863504871545,3.4095790725491035
0.30217682520827216,0.6246273451904321
-0.08885766708388806,-2.547847154163046
0.814324613537393,3.1288611401535174
1.954430088902813,6.354239768711421
1.0936866496587212,2.873347271823741
1.6608354030583428,4.4660298557684985
-0.5390686415774785,-7.532437238201244
0.15859859636139104,-1.7562548556096873
-0.7661022207718267,1.277676934095493
-1.8848343873195796,-5.222933564094127
0.9729328493326022,3.2008817214495533
0.5844426958957524,3.5798281659806963
1.9406228046678644,7.553361674983511
0.13986220576101485,0.8631233517270857
1.5221528599715186,6.383995320217636
0.6271956315522539,6.2137067030264515
0.01971106661270503,2.802215047055582
-0.28145821900384405,-0.6269944366802522
0.827177562356735,7.010703096142949
-0.35781685235193555,-3.521025600325123
-0.06162756634039431,-0.5614872507155857
-0.17996331764913345,0.12357253008401792
0.028283634823073247,3.3645456603107693
1.3925260779906183,1.3872749406311895
-0.6129387354781626,-4.014484905881975
-0.2984356710923274,0.6391520947652798
0.5485566605075846,-0.2319551368500159
-0.14829295739477777,1.7806651021748363
-0.0526349697724523,-2.219829314986171
0.32870245607283527,1.4149114507317146
-1.6119503393696952,-5.731372782805394
-1.6549967992364703,-5.69296282838236
-0.7742446220627313,-4.790140555269739
0.09277642496734965,0.8676357312537611
0.8968935558620045,2.238039796954417
0.6551705283348923,2.5141939376402336
0.7929518975841817,-0.17392336568665145
-1.841188300186717,-9.704091298555504
0.6322480767243195,3.167704068301507
1.6226344780340827,10.035450575005125
-0.6255334005329436,-3.070377406073789
0.8198061540197786,5.253757150775561
-0.37690335016897475,-3.1305047216302784
-0.10405164557505987,-3.375582052582697
-0.06865025280146782,-1.3314472308134506
1.7347311831934773,7.3923996496982145
0.5106942988951843,2.1367470760380427
0.7310003438348087,2.857636811655747
-0.8116419957449114,-1.81906200329132
-1.4582418462866669,-2.414235002209066
-0.5484922802752095,-2.1685203524051624
-2.2724393778493805,-11.900704041242117
-1.5523887064375035,-7.781465567391855
-0.6950098823438737,-6.858531046184243
-0.378736298456714,0.0009470551641146407
0.7576049876525334,0.8810536787434864
0.1390867505544731,5.3178148669624425
1.9550554438780816,3.804410383027058
1.0326537546555192,0.7839784927087989
-1.0652461548210312,-1.7850052816295858
0.41614597578860496,3.656796138864051
0.30867526144867835,-0.35507107536421056
0.687592786751324,-1.4830795364662364
-2.048671922604096,-5.343575821423215
-0.6045175428606584,-0.885686368232548
1.176952513690748,7.90874719855468
-1.1219892377344292,-3.5414174525860664
-1.4726571262457677,-6.910359552842161
1.7475220863842662,7.673436181307148
-0.9621286662467072,-5.4142957434570445
-0.4829965988829622,-0.24417552386545882
-1.2674959941594357,-5.78231987474936
2.135545601595113,7.790852650934962
0.9692133398427439,1.8197635792208182
-0.30229931902300344,0.3859276384192203
-0.7047392202425459,-0.6035078547100228
1.2829097566144694,3.9481959392491466
-0.9859808115749349,-2.236913940942161
-0.093173526942104,2.72903586824418
-0.2055219060653654,0.06525969811492405
0.016672373423269438,0.35016167483422383
0.9912188508026412,3.605546613903246
0.9314007484353164,2.9748601116856976
-0.6542808538079327,-2.7925001936931046
-0.8134248245767957,-3.9684782920157753
-0.31480674559033817,-4.764686967989029
-0.035928362941471184,-0.2137257814327279
-1.0945571896156956,-5.806377631809909
-1.2510825198094822,-3.909522643891332
-0.23028467842710793,-1.0825051802146313
0.30104946378806546,2.7118609595475496
-0.45619206614093344,-3.356810199198824
-2.306182941147614,-9.503589482126834
2.1560252861535147,9.642892582409587
-0.6441278738693271,-6.3026179505906965
-1.2203869916654786,-4.454640636458247
2.000672024084738,6.819234676603173
0.2736075032324234,6.016316718289696
-0.9396024430587621,-4.252477826993408
-0.7203819922636215,-6.384244386280395
0.5546032137785528,1.4100471741729401
0.7483241867237762,4.169026541938475
-0.7878701909688464,-2.9052654807242173
-0.08768373982573438,-0.6817496852676345
-0.03998527731893999,1.6778796128613924
0.27987375745446136,3.3250279984849405
-0.46398126201591683,-1.8904704978103555
0.35618373486097415,4.81637208481753
-0.5372191508425196,-0.16694457356118364
0.08845019567417375,1.0823396768581328
2.883969251775838,10.97836316543486
0.33409134205811086,-0.020692856025525064
-1.1299710458171193,-3.382367156420419
-0.591375121085172,-6.118499772045352
-1.0040158066788205,-3.8209467960378616
-1.4313384494982322,-6.841769903518058
0.09786380091576943,0.30311042718042897
1.3569787876682777,4.969799893561971
0.2872129861981349,-2.2254472671002894
0.19299500589830051,1.7948939284164687
-1.635529399380822,-6.465515921507395
-1.6094388961729544,-4.998228347046377
1.8327334301292564,8.654620121686202
-0.3071043136579491,-2.8144783848763018
-0.7303432134669876,-0.18076540887758474
1.4178789398571483,2.5284050390700568
1.8555455403701624,6.415607017940534
-1.4893434370374596,-7.662721422181457
-0.9778311716440287,-4.013292140948995
-0.8676594983663888,-2.338265152878196
-1.4257562814463445,-6.625276871296073
-1.9445402822954807,-9.063748109473586
-0.9443200259389776,-3.5714660036675085
-0.29108659019024025,-1.0821791544865245
-0.2997158513385201,-2.7962529835230727
-1.079448951686073,-2.6912104280169764
0.9973927328851383,3.1714883714697124
-0.38212536558313037,-1.395255508643557
1.1966614601200112,2.179658731069551
1.105836446597426,2.617497398070036
-0.6716078230151616,-6.583684913257301
-0.13480131198999493,-2.029976670013036
1.2732961690694489,0.9987942248884032
-0.48256531456153773,-1.4954303169959873
1.0376123351490436,4.065740712642384
0.39315819224910903,1.7817091848555975
0.5384714676400842,2.3518765253494713
-0.9984660716843727,-1.9328929597900015
-0.844608668797061,-4.317001894800378
-1.0239364192571805,-4.5897900392952
-0.12660063112597814,-2.6343673460099963
1.3242380220962733,5.807207719223918
0.5708166717972424,-1.8628100493941404
0.6785975071445122,3.0821117188273446
1.361556125145331,1.585014832696567
0.055676014854776905,0.1911682115986475
1.1352016674683758,5.1562802029615655
0.031047952046710476,1.1428997790855755
-0.1895277822930986,-3.839173282307696
1.7598211003608997,5.0847294670416225
-1.7651938506826501,-3.534441186441874
1.3347307577271426,6.069350357506026
-1.1844114274105708,-6.02910689461314
-0.3544401787737543,0.6316454053422171
0.39841641960968166,2.808282213936465
-0.5777727170864493,-4.7775015095541935
-0.9819405159147886,-2.5377244716568406
-1.0594997311547119,-5.15786542245211
-1.6455630924194975,-7.115343987275105
-0.029215350616095467,3.158702044199192
-0.26722530141904327,1.0189884015496626
-0.5266982026448499,0.2041299049523675
-2.874968879865529,-8.88595640557528
0.1332902420274303,-1.370552063025133
-2.091922245950683,-8.792247119202102
-0.7171971284211488,0.19590082470134673
-0.3783418745400049,-3.491908955144062
-0.9193386835215931,-3.3865615180923685
-0.3473542636872249,1.045139427769603
-1.3559078555972999,-3.9771805114198706
0.9167469515279244,5.270228713207905
0.5706552646301977,0.38718728228770094
-1.3945327153213618,-4.519412513547213
0.08652484860757291,-1.7581331754223997
-1.3485118844184532,-4.525698663715855
-0.12278570026442888,-1.2830598857922468
-0.8546727892795731,-1.5842323223506862
-2.593049387823186,-8.308699835476318
0.22239960855530486,-1.7351989832488623
1.5387536595031532,4.647240051472691
1.3263448403293359,5.336887535240835
0.5095493726194038,6.498334254164909
2.7213336098665635,9.243505835796054
0.558346902284024,1.180015807922572
-0.8603704762851204,-4.291406157169772
0.3691639571070058,2.610039304057632
0.1621555997620361,0.3220486961320724
-0.7259753124258116,-3.6021612044365936
-1.2981174812942935,-4.878526886406002
-1.0534077869037715,-1.3823486563296705
-0.8608340520871763,-1.2694931950476918
-1.0255372547670172,-1.2845391462994322
0.2407422845881994,1.9922864749076346
-1.9569675522430627,-7.260523396778363
0.35564438892659067,2.5826835386047255
0.10382736210532115,-0.13639333133129095
2.2803112732391826,5.792983868450845
0.3231095013887879,2.863024806030597
-0.08605564337254189,0.7851824275908327
0.45076298555579936,1.6620643667785038
-1.9081847831366037,-6.489449386237486
0.12548690045124972,3.6991719710288464
-1.1300262257452833,-5.681625965974273
-2.0151887171225265,-9.827103124006982
-0.5305183143587244,0.6358171088039724
0.5923394212109696,2.1136930371464326
-1.4246555886796946,-4.060984967884956
0.17840259925316965,-0.47171485113456124
0.5524984188665393,3.517493218060806
-0.3876465197231077,-6.712138135673284
0.48468627798385755,4.81244700064406
-2.221510823700524,-8.786219116313237
-0.3955656348590421,-2.150687687573173
-0.14231230753550203,1.7559862918547555
-1.5316018230959503,-5.118945736368449
0.2178924553288528,-2.434633023946125
-0.9060867789442381,1.7214222729181978
-0.8664172853019196,-4.337519977582486
-1.2447555297812523,-7.045691884541833
0.27391970907521396,1.261846344686684
0.11250426233136833,2.073025995086512
0.10193764725371153,4.301236082328031
0.2657401234141504,0.9505227209940191
-1.3820347260227162,-4.327656450421521
-0.8428605517089753,-0.9551384680971613
-0.7089437447106754,-2.672472501398484
0.5568882027647745,2.3876626909117844
-1.9314128569290476,-9.28129468926791
-0.021175774300496716,-2.00714561423009
0.7375706675328788,4.290576323312917
-0.4143994932544478,-3.42290986975726
-0.49772668445684926,-3.0642938692153985
-0.022356711144941453,0.08917978625384783
-0.8296277386100398,-2.222565262163155
-1.2522775141080984,-6.56565471463778
1.2372535126873845,2.7165078584316773
-0.7247573669263252,-2.7675246407969163
2.565917360177608,8.886623849574061
-0.2805096318513892,-0.6496306591632914
0.8493202690407095,2.9248406517216683
-1.1259395963309522,-5.2809544383458435
0.7470556550991475,4.969140097879981
3.1974829539733727,14.351531922846616
0.8421724903224964,0.343619561721082
-0.3992846345441018,-1.9200425970447819
-1.0562806080043665,-4.050140959685761
1.6479521897098153,5.740955275025216
0.21306591909620448,0.8641792553721294
0.9929416493373554,3.1843740169551413
0.22583874577075078,3.6262346442572078
1.0219251961145952,3.81625503714473
-0.14793977663719407,-1.037704799155811
0.7504447615341785,5.645339324418889
-0.5343938353030584,-1.4738592755749327
0.06339992712334852,1.2711153085513867
0.24420707079596798,-0.4459164843000514
1.5223077678776793,8.082382335253207
-0.2677426807372017,2.591600335265924
0.6091057104482803,0.9935182367207553
-0.6757986185783482,-2.5730439936116185
0.7869814652437135,7.55698796655116
0.29442208903978195,-1.3205323997078044
1.1137324694427062,6.346042936741842
-2.2668849557948265,-9.865564339072225
0.6090995914299342,-0.003982516909684097
0.34268040332750216,0.2700001193327567
-0.14471976544476078,-0.8355476977469614
0.9287687328933728,4.690043849723182
-2.0842708835548924,-5.639592108451373
0.8696564647003973,4.721578740569885
1.6347076109296752,5.597007781009804
1.0720688438114894,-0.24271393723243273
1.3144282945889445,9.311566899617056
0.13639753659343484,-1.194711068078831
1.5225430928104695,5.488183614496759
0.7161109143496656,-0.5248147893478068
-1.3644765720109107,-5.240881881792349
2.0654861372867295,9.11473569634163
-0.15951736500333072,-4.062179683238277
-0.3501200079640903,-1.097740228250336
-0.6953396335230776,-2.287107731749117
-0.9194792276680201,-1.8829975301781308
-0.17478155445149818,-4.543995742401165
0.5748209312636592,2.9607495787606206
-1.8422341740345995,-4.8479255972865385
-1.4718024022204228,-4.555241572670828
1.0323459107790158,4.802869091879499
1.2972505366193468,1.0043388241118163
-1.041432014546035,-2.4569430261399363
1.0149522887472011,2.055420235298384
-1.2710579854942345,-2.7581489946630438
0.3696111506737348,1.7911380108247843
-0.9805822175698738,-0.4077468512673632
-0.45823039827601697,1.8676808655195842
0.11220827271785544,3.4321313305619867
1.0297326851333461,5.921302918192993
0.8242892015046335,2.0381317570376067
-0.4470343315836607,-0.9447768588662718
1.0423327430213356,1.784878803034156
-0.5053469214826972,-4.542436282666876
-1.3294456177962388,-9.945462214423765
0.2415068878754467,2.2061777730673837
-0.1295965590136687,0.3042545803207438
-0.7221507700557533,-2.4001954263610275
-0.0696156591485477,-3.4653762739664966
0.3584184300730976,1.9356172856143994
-0.7685061144460843,-0.9263293961565231
0.6933906585165882,3.216874822931569
-0.08008290659022492,0.7359913975391158
-0.6753613928234674,-0.5752888762031254
-1.0231988412194268,-6.245078492591599
0.026714277801613007,4.910296927443059
0.7596931198502055,2.929628020446788
0.6668801993571806,5.399232973695479
-1.0986042355701349,-3.0916126331976703
0.3758968273279556,2.5493573496870496
0.8466872377493828,3.031395862763861
1.6717911886146681,9.216758815639787
0.44909883424446956,2.8938386456511243
0.2238241190906629,0.6847726952716494
0.34421346303858386,2.5899842902287595
3.85793967348964,12.14249539350697
-1.8862883675077626,-5.426992355479012
-1.3274909827312888,-6.656939545024441
-0.7524141777250374,-1.0969615069054295
1.0269214393997905,4.51460374344764
-0.38542737502404606,-4.999667080932011
-1.8022338122384196,-2.221162184925797
0.6526294599846313,6.480922413910274
0.9863681649066736,0.5520545623665698
0.816847071685779,3.404640987778443
0.7474034182399546,0.12345059209019071
-1.081258571215189,-4.750728307248403
0.5333662646860791,-0.4559434769859816
-0.4391047192362273,-3.148109039459876
0.5078271760432795,0.814212235619789
-0.8695507065224324,-0.45831543697010746
-1.0137197024379423,-2.962983896012285
0.49356800079005453,-1.1895148705765357
1.3876018114085524,2.885957544763895
-0.32415019818829954,0.4081173435058034
1.6113278152934578,8.95653098697354
0.6228215147539629,4.121249139765456
1.3897142939008622,7.342615752409387
0.041274574202699865,2.0185983018546154
-1.9003696914644261,-6.148658342333097
0.38673364020325446,1.4468607305505927
1.5248626005482613,7.389771737346437
0.2630766894332881,1.964881112808622
0.096940343318409,-1.9679330000812003
0.32351256640857523,-0.7688495797596087
-0.6618912758728542,-3.3260575517781152
0.1252126858419551,-0.23153923487036093
-0.033547027338664666,1.2968458132384748
0.23925986087456783,2.7038368635232564
-0.3652339819814644,-0.9891695123521823
0.8116910518786606,-0.23577224905335425
0.003017434031214063,1.671787836959812
2.0777122322502035,6.070951943641478
0.45675680055100876,1.1376724077446816
0.22117966922140045,0.1774831925207131
-0.15726516737513793,1.6613207249273971
0.7910261496852212,3.210692073486104
-0.9369221110721804,-2.9071335923084956
-2.204226920077547,-8.866260322210634
-0.005924072251181685,4.342782501159711
-0.6407599230105716,-3.8934784534228797
0.50780959049232,5.610319704668135
-2.268619962246101,-8.971217714110992
0.5436279322698345,0.5281181863776498
0.36492588017405486,4.727728897468481
0.6228160705098441,6.900648180433066
0.6065672606903332,-0.151427120311872
-0.30175139488690217,0.6549822336227411
-0.5699517962545901,0.304681310177787
-0.4729131940164531,-2.209962353476584
-1.2265674316518074,-4.009764993033181
0.28837742022732415,-2.752115664298536
-0.42371509994342044,-2.063085494591357
-0.3357568385230854,0.4167332289579584
-0.6987088119151889,-3.101241569483392
-0.34329768218246975,-0.8873722754310001
-2.2134606073911924,-7.831374427308961
0.453194204359973,-1.4763554234022023
-0.8560620219978579,-4.011026080244564
-0.5897085867477189,-1.4142503051585003
-0.45017643501165083,2.5484671588068695
1.3190200056340993,5.728169315116572
-0.0970197604214342,-1.6015778077476748
0.8438100462780511,1.266204677358611
-1.2961422703619865,-5.321221209659403
-0.15859132011071364,-2.1830069419986162
-0.05879930999668546,-2.3738105696509195
0.36522540717596585,-0.07285441929882497
-1.0034745347115275,-1.7177046486188008
-0.8915907659902134,-2.6615347216858445
-0.019397585962465276,3.2964693901956146
-0.8817983894830175,-1.1898036427870595
0.662893215100046,2.784849522400125
1.1375377820834534,5.190987999676818
0.5142188413943821,-0.9588551126006284
0.1351177762474505,2.8031930543468158
-0.6698999135505094,-0.20922658064252886
0.8712160137184647,2.3107246510309567
-0.6307555906525206,-6.233677295177863
0.8660591728218054,5.0509053206449845
1.4692083028521956,6.0505910891336105
-2.274070053731467,-9.821836706072144
0.2220474489058974,0.8469749372174539
-0.6575191404509574,-5.664403722426723
0.714532047991697,2.878023212382009
1.483178916134393,6.497658078015595
-0.6449885420999844,-3.220409918837785
0.5130743788396454,5.0099814808859495
0.4974278727895833,3.3672496084644177
-0.0758997670485449,-0.8056930908748903
0.40359841542535574,4.410965171111913
0.3252062923168107,2.106124288897837
0.36609322616730366,0.862834528696485
1.0396388948858852,6.224226858659671
-1.1994511991939312,-2.2954928728602724
-0.6926221975020497,0.5499699466279164
-0.45271329511708064,-1.1169503237580765
0.4759463602670577,-2.2486857826264917
-1.8338737352874381,-6.467213783530482
-0.7799983027126963,-0.9103827214275437
0.7631836460599923,0.5307789894611319
-0.7624907593835051,0.5587056365191381
-0.07602346572462335,-1.767514996731356
0.11980403894989199,-1.2564317998528178
1.4476040528943543,7.864427644129118
-0.06048301501585981,1.854344870700137
0.46020710543895615,1.2937084030264503
-1.4925201736211136,-7.890156195907523
0.9733737109300644,1.3660018314055438
-0.8856978941958283,-4.466101814025613
2.049778771444076,7.4254303827622365
-0.01527361681359736,-1.1642560170568361
1.165181781246556,1.2993342398848338
-1.0154893571166628,-3.1454434376105382
-0.4580269855026243,-0.44655513025225146
0.2383846452550063,-3.1879411023391775
0.30663585257868975,-0.44849573292146583
-0.4694866980716366,0.9097425474713146
-0.7863950304118423,-0.05629266407722078
1.6169399021897064,8.239661758331442
-0.45036832301510676,-1.6594194465477936
-0.2645836803644654,-2.128997116030024
-0.4438538195629017,-2.218447931653757
-1.7353911473330734,-5.460283646630404
1.5345529929213104,6.6991024927437905
-0.10263740350804132,-0.42489355102122567
-0.6314322515594253,-1.7827691746639156
1.397031114430776,3.216550749432468
-0.9537377215409267,-4.983538553256054
1.9998578404574014,6.983590356668133
-0.45167227065102006,-4.199234750775336
1.6907271573797713,5.030987892435857
-1.3969993449532836,-3.804708699941796
0.5223109585785488,1.446021593189423
1.3099523237532418,11.056353997923534
0.7831220308214599,1.120214130201935
-0.8476549112820619,-3.674559501349213
-0.7804341795136254,-5.15087441417746
-2.340925516401822,-7.8202474632568055
0.23737629933432333,2.577039016215072
0.04209531864771717,-1.7159146529168658
-0.887961134764646,-1.7237885858765583
-0.6359698186412605,-0.9719897593673759
0.2803223035037342,-1.1232044222066062
0.7788223993230673,-0.739691234372541
0.46629936835718944,6.109983891122512
0.5253208656130269,2.607744079598931
-0.37614736761593637,0.63995884882518
-1.5075851602643862,-4.792311975641674
-0.27750871888408135,-2.4287660173893597
1.1430734254415746,4.5856967024132045
0.10177577296931657,1.797764473502645
-0.6712985654658538,-1.6681378980341264
1.0406815179638391,0.06728436429140361
-0.12031642840440407,3.1386540581820346
0.2380742569517034,-1.2018596052266588
0.32032143845469147,1.5694719201606628
-0.0010588423370812654,-0.8633626973164845
1.2635448363305384,3.4016395995799344
-0.5080798628815741,2.691234412625356
0.9049741214666812,1.5985254570913756
0.12372879270054708,1.431042302117881
-0.05483023725936617,0.34563128825891154
-0.6836501416815086,-2.364221084609996
1.2887025562956078,4.410078001582626
0.8101916422542774,3.3493715925219156
-0.05816611715256052,1.663106413109134
-0.5881887751399346,-2.874138109610394
1.8445232062556762,7.449865648439792
0.5588657879489666,3.204767805986201
-0.251879139213213,-2.3498704350788175
0.36247267480026046,0.8058110203531224
-0.9070304174806991,-4.571493774903859
-0.823533424001803,-4.366625055824057
-0.009847287471481413,3.489044418592393
-2.2362527882016288,-6.787463546418451
-0.4072015719616529,0.24144769864468896
-0.9275320032879893,-3.841233276338654
-0.7301662802248373,-1.3469938318847237
0.030877752980638058,-1.8488260386360236
-0.6380407350109051,-1.412300120494401
-0.10897822398419477,-0.016961930469296282
-0.01912275129904966,0.5807714723423735
0.4306132751340653,1.2877861117221672
-0.5285056361126661,-3.993812285620616
-1.6376756241371526,-6.910766223619977
-0.2851808701227014,1.551529975314886
-0.2670710335696844,0.9931900666021971
0.3575077531673654,1.6895899696667516
0.7592043314019562,3.744895900094832
0.38416436496131556,4.414035354184337
-1.2963918071501508,-2.8617098263768406
-1.733095623653281,-9.152593451653484
-0.8394777244112416,-3.0618451338591606
0.06644430233106957,0.9328397705666805
0.4234572818376501,1.0261789627935014
-1.0360155745433912,-5.717900243269575
0.5047301964557872,-0.05362231674687412
0.7574995244231507,3.621771025291839
0.6675880922360743,-0.14612837270105006
0.8604754069049109,1.5071607056544676
0.025191903274544,0.4163937151583447
1.6680351279664263,7.058154110019126
0.46301689909689936,4.207572027308336
-0.8619219742938617,-2.181977387507829
1.2455241795966359,4.078626850350915
0.6610574334671373,3.3348915614074115
-0.04884518704139992,5.501505722126867
-0.9429787966287079,-4.208952836045938
1.1836559269554183,7.609563637691956
0.17185882517030615,-0.20041379014388827
-0.3966186853856485,-1.1905648061565128
-0.8699566545276876,-2.147982222447401
0.850917690412449,2.0747913585889375
-0.8276017374999237,-4.716983828766878
0.5813591730005884,1.048247021055575
1.3655901991926498,7.426802637471072
-0.7216707082208504,-2.9036812321768792
-0.3389835320929106,-0.2614815315175135
0.10788413080661359,1.469091432573789
-0.03502705018890768,-0.8066845034354145
1.48165499306989,0.7284296225898172
-0.1708304076874391,1.46369450220145
0.07794539839355762,-0.6903336478168971
0.5845207431072055,0.4075831652298272
1.8398709351830922,4.116658624093512
-0.022012467048051917,2.367512680835782
-0.5196163599941902,-2.196264491024321
-1.3585029367597998,-3.821935193348047
0.36102541634537905,3.876029468703168
-0.7249330776348837,-3.9008022326883554
0.026047949725217002,3.3549460438721947
-0.5176603237193814,-6.360434928827739
1.0407174952822522,1.7337285820329305
-0.5498117799824236,-1.7046583874302725
-0.42149791592154057,-0.6356840881762635
-0.833481645415412,-1.3112846249152568
-0.8425159924738271,-6.586135402413153
1.7759935855067666,8.38388218124981
0.7644150970416564,4.565875648586683
-0.0482216355946755,1.5398243214173828
-0.45706533906364627,-2.0709130549757515
-0.24888866705810792,-0.9523564840220037
1.2410820871966046,4.461963525312989
0.32847783781427603,4.633254715798764
-0.13210003839031914,-0.6114853245597105
-0.3029040483924579,-2.128308131176308
0.1433734811754914,-2.6471048134959716
-0.10788917679723521,0.1410887053959714
-0.6681717368134277,-3.545196419159596
0.43035789354356024,1.1464357935782163
0.16841451395907342,1.4879003071698522
-0.2216084475817371,-2.8593640203399566
0.9146566431112833,4.413076296420058
1.4864063190360182,5.738323215308975
-0.25243603652138985,0.3495715802742513
0.5229978045207515,3.6353758451989298
0.6108180939736211,4.872544236409716
-2.3689801750315524,-6.463100012247679
1.5754546206896403,4.988189846462261
0.8282908984570213,1.5704726885289522
0.892257884749868,-0.0721740375582316
-1.5406160245526137,-8.977195789809997
0.6453464430821444,2.247638810102825
2.527070920782692,12.71125620659309
-1.1927713830291693,-4.5540372965301925
-1.9260882651788052,-5.955749169907939
0.2108731700382351,-0.8549139867606542
-0.36824556412752163,-1.1585971256643441
-0.711126068648103,-3.664998629041884
-1.265057694018798,-4.011280982902627
0.5242236519537231,1.4692055481142143
1.5303010308595233,7.154299633973598
0.952868090977543,9.257248808160833
0.46800068820276425,3.6721944653849503
-1.8463416145538356,-10.19023357478638
-1.297471755359271,-1.30479872275968
-0.07936631605575531,-0.12893441598706396
-1.277629080640249,-0.6366478983715886
-0.21636159151507584,0.4934658338621153
0.2262121311410064,-0.7481208063277416
0.9535866516994639,4.422655954155378
-0.16433173228337156,-2.210190735558866
1.8615079791293867,6.947633606840328
-0.27166980167059496,1.221455690577018
-2.102572569565361,-7.632908239345394
-2.2719054986176683,-9.729355426835696
0.5133516206804658,1.4810662484527533
-1.2718116679596179,-5.471853906392398
1.5235848315795288,3.703446856695587
-0.5951138391567017,-3.8776967632813113
-0.5611773427197669,-1.6151026991923876
-1.5573740255791648,-5.8444032022919865
0.14753580887585138,1.6639273752182915
1.2033205926353625,2.5879423267091495
0.03331727813886288,-2.647725397259161
-0.14253519602584672,-1.5047736752315686
-0.9309696527726209,-2.8562688084313876
-1.2047158798971238,-5.296860693755617
0.10415185780639113,-0.1103409894881815
0.9023035325256057,3.217407071528165
-0.4101120092081721,-4.416350064629118
-0.6294458606293386,-3.530772404802092
-0.1720016407720518,-0.6200769000854338
-2.3053224234261527,-7.26007610223687
0.40043811487947506,1.4529059989347668
-0.9294976841312648,-1.9743957745685585
-0.5327923727826095,-2.2934877156016182
0.13024845535270219,-1.708674143923775
-0.6511305169582245,1.5528614135539
-1.37673177011338,-4.74111483025191
1.1993328107538388,4.338213493313106
-0.9052536407792096,-3.9808575747709454
-1.7236514338073596,-5.387165034404225
1.9034164161920542,8.939423228241388
0.2629482684151777,-0.8726727136805095
0.42441824827810354,-0.6925669796009863
-0.2086217318530937,-0.9169771333107067
-0.4773688571263915,-0.6572533728899539
-0.5393910228200474,1.7919552152280984
0.9370822011089522,2.6665452362563267
-0.7323378102483927,-1.440566710616756
-0.23003580655162623,-1.492371073095383
-1.204722529676112,-8.330875603422673
-0.055598926892828825,-3.888610273193195
-0.05818985492234962,-0.4564268099040505
0.9417552666999109,2.0486766139063777
0.920622863636502,1.0999187083803426
2.299369468755593,8.036902157825493
0.630742979769623,1.9692368767137958
-2.2691569946862655,-6.120188215722722
-0.8111909845152905,-3.3093940723610493
0.46665199638203264,2.9086766764333087
-1.0926888646283135,-3.606099003641493
0.4522332723500524,0.830922095940317
0.16805519074751002,-4.995266776270572
0.6151521853927577,4.167936275840136
0.988208848486463,5.720577122777172
-1.4321906110589266,-3.4353009211377605
-0.828280392745567,-1.2072798465678343
0.5349275937487872,-2.050271120909376
-0.7273069057149364,-4.191701850716356
2.02577923393804,5.671698008904174
0.42491286095294456,2.6511164576625497
1.2860174671016282,4.06203525474102
0.4152987016284749,1.8773763475946903
0.18971879197958597,0.1652822872471107
-1.1183182462554362,-1.0687837061480816
-2.38861407368411,-7.58988647698236
-0.9828118947823061,-3.7936241610123553
0.41841523883774684,1.6203236087206376
-0.9041652092433549,-5.133769882044488
1.1255554529825982,6.059107344835422
-1.0144720406973653,-4.011681517951983
-0.5788411209471953,-4.1991511313586845
1.0128962309550167,5.720905247992449
0.5725567515972323,5.343919366540596
-0.584889332459948,-3.191713619855813
-2.132910373907718,-9.82649598558292
-0.4653767839296524,0.008761913690528589
-0.06451309551365764,0.0673386305904208
1.3110909185719273,5.38288982288495
1.052612213798156,2.7511419027688984
1.5860651416439473,4.0233690616447495
0.26998723863108903,-0.7421733165701351
1.5988127102205738,1.8431351937003004
0.2378446219236218,1.550915852079489
0.6724964425333426,2.154787060766088
-0.10441114339062771,-1.5295574400494623
-0.0899568402734146,-3.4750194018577147
1.0913309075290665,2.4268110806498395
1.2382624131362387,5.697194170211056
-0.30440284592936967,-1.860799280357253
0.687677616154882,2.7000120343110123
-0.040195475275759104,0.84924547272612
-0.6563789851711918,0.07448226101822897
-1.108371640458861,-4.514655327371909
0.6579063466555688,1.253287178397266
1.5870889370740489,2.2316474935099437
0.8991245292770655,4.32934804417887
0.2245144207327693,-0.2517503751017721
0.2098594845826785,-0.7548666090093489
-0.9471392661729446,-2.6975247771787
-0.29178644639701495,3.2064501219099597
-0.8622273465104797,-3.0534668230445257
-0.18501411089711395,-0.5721955926652993
-1.1617665339422667,-4.5487667961778655
1.0918159072154612,6.251384494284131
-1.1274591498928925,-6.408952363827712
-0.08799540550164092,-2.5824088233750744
-0.34817063773317436,-0.15297936326190142
-0.013805770284701622,1.1821987531308782
0.49256225202705956,1.5900285682836763
-0.3022998396168013,0.4785601674108839
2.6474189892831026,10.012631265895902
-1.566687529578391,-3.6381888614369324
0.11873192576862872,-2.2709851680685875
-0.3484589306523706,0.02122046384196774
-0.6594840624629351,-0.7709913751495778
-1.9898222399382914,-6.5644767400612505
-0.5835950503226648,-2.9731965866921373
-1.9315293250980572,-5.694481348850675
-0.04826170379593097,1.3348937634182885
0.1396675784886334,-1.5953858905418115
-0.7192061272862257,0.47974643712190845
0.8850898918686639,0.35330048044891527
-2.2292589330885986,-7.760898692795027
-0.6926816136990898,-0.8263639545612871
0.7090071647807351,-0.6727055533136239
-2.585767588999438,-13.251821093117938
0.4605439023890654,0.41468908106137303
0.15323002771333824,1.6675457072878879
-0.41243382161399256,1.9942957520375546
0.5673334205644196,4.792358820678101
-0.5615847942521986,1.9228423097784564
2.0759505803869307,8.446240258356308
0.16029074988453906,2.051252260593639
0.1360612935062583,0.29043523622926726
2.2921936458109897,6.782387869060219
-0.5666412777157238,-4.258270375801871
-0.5084528851522548,-1.9047949403732796
-1.1366259127066474,0.21814319858338393
-0.255975214092637,0.4170489028370541
-0.5240201725381137,-7.576666008435332
-0.41581633584065,-1.2086843180936984
0.24204583536789437,-1.0917958027802714
-0.8392787196734521,-3.7206357860699035
1.2140595171215174,5.454387523752477
1.0540424748134019,3.4079995708120574
-1.1019079628019965,-5.235803681413149
-1.7952223314367777,-8.442609227047816
1.897495684900051,11.36075412356275
-1.9580812342078666,-8.663034399595798
-0.5312803768519098,-2.7823201109005193
0.16564178605539887,4.131034793132148
1.178239159200306,2.11227332697897
0.9050528629328798,4.884552210954692
0.05687216122626013,1.5517038388790294
1.0172643432511694,9.705763740864677
0.9114872277854996,2.1371183136422784
0.0537117476660896,-1.4963608513569269
1.6925906279849425,-0.20476596946937953
0.5398129189913056,5.607006892232691
1.746256318275166,8.451896460496233
-1.161481950236712,-3.3826574499196043
-1.6813868155498577,-4.470737797125159
-1.4561055975293318,-6.358234983225767
-1.1604505895963486,-5.4855452522114065
0.6491729272546821,2.5648255908760476
-0.7776883945882607,-2.211514821967806
-0.8234988716333305,-6.533774102383278
-1.6848999616851803,-5.534294256741039
0.6130388816875463,2.798922656197483
1.3552725615328403,5.783540957897345
0.49468129909971936,0.6575619383258315
-0.29672975912512006,-3.1720608195798343
-1.4432169952253369,-3.051523433575291
1.563792608618236,6.0029935762730595
0.11248681150043587,0.8393423357505687
-1.1360989745400003,-1.9578986033722674
1.3083468266441474,6.156068521861074
0.5679433816499357,1.061598584513385
2.576977679031155,7.509452084474894
-2.6192806035910072,-11.228993177120723
0.48028838228527204,0.9827610487083278
0.06937008395653746,-0.10709314435901868
0.8315330299051433,4.2253261793884995
-2.068890495355913,-5.953706235411297
1.6659047027918155,5.891790046834262
0.13276628757162603,1.433773611330889
0.692696057131838,-0.5640282479698211
0.39143861927191975,-0.9962819076006444
-0.9292471979014248,-3.0373890727894928
-0.1667210430129357,0.8686441429074406
-1.5287869947378168,-5.163704971626569
1.2369078851902253,1.4668727270547537
-0.3493805390110045,-2.9922932208726487
1.4707138666121289,3.7621254494058607
0.2876311214263635,-0.6586848052618259
-1.337165050885127,-6.303257025343035
-0.1704564684096478,-0.6006367247355904
-1.044209877709317,-2.8911261214261263
-0.5296495025503906,-3.204932786917359
-0.07117035012372852,3.0934376244121644
-1.0624411368884286,-7.876636727083142
0.39242735549607893,-0.12612237786249336
-0.6674561400646665,-3.430543754942549
-0.45592201921402026,-1.96609069395247
-1.2845045596199125,-6.439157159131398
-0.6615569434901911,-1.0119064036516445
-0.03764483160530487,-0.12683797629300667
0.5418393251037328,-0.26865174233503497
-0.33858048238968697,0.6187739364731828
-0.35850443734187276,1.9341096616864049
-1.1446482896282357,-6.041786404974953
-1.0971719846398227,-1.5828735503832085
-0.7529456042925735,-4.559641268025137
0.7389539007599524,2.438288233798364
-0.8853951972314839,-1.3555866146317475
-0.23406889069910192,1.7767021111954027
0.5384660112416041,3.2556568996676454
-0.9833626436429376,-4.0810529109336855
0.3239072506712229,-1.437925238845371
0.6847631554909649,2.3477198030223425
-0.7109024225989671,-0.5338444345238913
-1.0110351209554707,-5.5175497184312725
1.0854940115848073,2.9289524530539692
-1.094868489559057,-2.8984828438417387
1.2372073277017173,1.4205667182537942
-0.6601392708428152,-4.613290471988023
0.5273691328244136,0.5526850553338518
0.16713678370411497,0.39082402519038784
0.03192366589002642,1.6044688636656628
0.9117965623133085,3.6455878557466352
2.5394320331114613,10.645450555225624
-0.3586531509541748,-4.378936166034186
-1.7115830531175702,-11.381274179094767
-0.7044181997350232,-0.595182737799121
0.02421534060406341,0.93507000142164
1.1599689740750685,3.6460594543041625
-0.4661557022161254,1.4212592901093264
-1.6500251948243565,-4.846501903233833
1.8363081603106133,6.905964255420258
0.8726631262318649,0.4871836672684995
-1.1268282836571295,-0.9162522780337445
-0.10678367894303217,-2.8494689579440573
-1.23787039502056,-4.608185547632239
0.9522756260818906,2.251362607562319
-0.013557918030451043,1.2917116015780477
-1.5376848226493998,-5.224856314754987
0.2499136810467275,-0.8436945177115839
1.3748594175398903,8.330778364142475
-0.15806847832806897,-0.1984208916570806
0.6500211894577178,6.253560317760657
-2.674354948547689,-12.595518332741266
-2.8186530025073595,-10.115529556948742
-2.194508803044697,-6.137857586159616
-0.4198460795464502,0.3284769015122486
0.8100978673990902,3.034195382950503
-1.3017565892197434,-7.019812633174018
-0.5918632272605117,0.7223002422760803
-0.9134206948382958,-3.539064192356303
1.099720527820615,2.3566685238728384
0.17759075527122256,3.033241855562304
-0.7555250892846609,-0.7777204734733492
-0.24928762363265858,-2.5664940083593817
0.3530051834614323,1.9229237663063514
-0.25227004044698087,-1.2278370641726415
1.2522315626273022,4.372351852221836
3.2529008023011587,12.821527425838376
1.580659829411814,6.514035340274678
-2.4871515352227695,-9.530481392631575
-0.6534723222613076,-2.770079364326535
-2.4370266994140035,-11.45623685509576
1.175609480746336,7.389628368490186
1.2962625863990573,2.8972376666383433
-0.4063786899313203,-3.081565624627233
-1.690616826383604,-4.626408312901631
-2.2051034645754948,-8.35488433214709
0.4949902726326138,0.6654586303522192
-0.5004744114139862,1.2925921195756338
